,presion,temperatura,IWV,ZTD,RMS_ERROR,n
2022-12-04 00:00:00,101029.69538152534,301.4958060219489,43.44423213472136,2.49492,0.00077,1.0
