,presion,temperatura,IWV,ZTD,RMS_ERROR,n
2022-12-04 00:00:00,101243.54906974349,294.2550774836619,36.8583528099616,2.30458,0.00109,1.0
