,presion,temperatura,IWV,ZTD,RMS_ERROR,n
2022-11-27 00:00:00,101883.01181465827,285.9759568834982,22.44964731408338,1.86934,0.00215,1.0
