,presion,temperatura,IWV,ZTD,RMS_ERROR,n
2022-11-27 00:00:00,101770.69602528498,287.31806294520374,12.897958574607994,1.77101,0.0017,1.0
