,presion,temperatura,IWV,ZTD,RMS_ERROR,n
2022-11-27 00:00:00,101461.3790590237,292.00120302022515,36.471100096523344,2.5011985702771224,0.006074048342176102,2.0
