,presion,temperatura,IWV,ZTD,RMS_ERROR,n
2022-11-27 00:00:00,101675.60438252483,287.25675956881264,24.261669824375108,1.75244,0.00135,1.0
