,presion,temperatura,IWV,ZTD,RMS_ERROR,n
2022-12-04 00:00:00,101649.55189274868,287.88240635491644,22.333966882242635,1.88001,0.00113,1.0
