,presion,temperatura,IWV,ZTD,RMS_ERROR,n
2022-12-04 00:00:00,101578.852501793,288.0172838010205,27.49308356321778,2.07423,0.00107,1.0
