,presion,temperatura,IWV,ZTD,RMS_ERROR,n
2022-11-27 00:00:00,101184.89562224376,296.1884425683684,61.425061539367455,2.67135,0.00132,1.0
