,presion,temperatura,IWV,ZTD,RMS_ERROR,n
2022-11-27 00:00:00,102161.46885157097,278.08752598574125,14.477223946202612,1.56921,0.00159,1.0
