,presion,temperatura,IWV,ZTD,RMS_ERROR,n
2022-11-27 00:00:00,101141.11758293532,297.92354706086695,57.402804495521096,2.64398,0.00122,1.0
