,presion,temperatura,IWV,ZTD,RMS_ERROR,n
2022-12-04 00:00:00,101631.35837001969,286.62816138601715,18.035252295833498,1.73936,0.00102,1.0
