,presion,temperatura,IWV,ZTD,RMS_ERROR,n
2022-11-27 00:00:00,101105.95161693345,298.48950858933495,56.369010212131954,2.64742,0.00123,1.0
